T,EIP,PDR
18,36,0.027777778
21,18,0.055555556
23,12,0.083333333
25,8,0.125
31,6,0.166666667
36,5,0.2
37,4,0.25
